url,num_urls,num_images
https://franchisesuppliernetwork.com/,74,104
https://franchisesuppliernetwork.com/featured-supplier/rallio/,34,3
https://franchisesuppliernetwork.com/featured-supplier/leasecake/,40,3
https://franchisesuppliernetwork.com/featured-supplier/onaroll/,33,3
https://franchisesuppliernetwork.com/featured-supplier/nocap-sports/,32,3
https://franchisesuppliernetwork.com/featured-supplier/serviceminder/,36,3
https://franchisesuppliernetwork.com/featured-supplier/fishman-public-relations/,35,3
https://franchisesuppliernetwork.com/featured-supplier/franchise-elevator-pr/,30,3
https://franchisesuppliernetwork.com/featured-supplier/fisher-zucker/,32,3
https://franchisesuppliernetwork.com/featured-supplier/entrepreneur-magazine/,30,3
https://franchisesuppliernetwork.com/featured-supplier/location3/,31,3
https://franchisesuppliernetwork.com/featured-supplier/choice-local/,33,3
https://franchisesuppliernetwork.com/featured-supplier/delightree/,33,2
https://franchisesuppliernetwork.com/featured-supplier/clicktecs/,30,3
https://franchisesuppliernetwork.com/featured-supplier/consumer-fusion/,31,3
https://franchisesuppliernetwork.com/fsn-members/,29,4
https://franchisesuppliernetwork.com/featured-supplier/upfront/,38,3
https://franchisesuppliernetwork.com/increase-franchise-profits/,33,3
https://franchisesuppliernetwork.com/fsn-members/page/37/,32,5
https://franchisesuppliernetwork.com/supplier-wire-003/,34,3
https://franchisesuppliernetwork.com/fsn-members/page/30/,35,6
https://franchisesuppliernetwork.com/fsn-members/page/20/,35,6
https://franchisesuppliernetwork.com/fsn-members/page/10/,35,6
https://franchisesuppliernetwork.com/fsn-members/page/5/,36,6
https://franchisesuppliernetwork.com/fsn-members/page/4/,34,5
https://franchisesuppliernetwork.com/fsn-members/page/3/,33,5
https://franchisesuppliernetwork.com/fsn-members/page/2/,34,6
https://franchisesuppliernetwork.com/fsn-members/add-content/?post_id=4583,16,4
https://franchisesuppliernetwork.com/fsn-members/add-content/?post_id=4587,16,4
https://franchisesuppliernetwork.com/fsn-members/add-content/?post_id=4590,16,4
https://franchisesuppliernetwork.com/fsn-members/add-content/?post_id=4591,16,4
https://franchisesuppliernetwork.com/fsn-members/add-content/,16,4
https://franchisesuppliernetwork.com/fsn-members/add-content/?post_id=4597,16,4
https://franchisesuppliernetwork.com/fsn-members/sponsorships/?event_type=all,15,1
https://franchisesuppliernetwork.com/fsn-members/bootcamp/,30,6
https://franchisesuppliernetwork.com/fsn-suppliers/show-member/,14,1
https://franchisesuppliernetwork.com/fsn-members/bootcamp/page/2/,21,3
https://franchisesuppliernetwork.com/bootcamp/franchise-supplier-training-program-module-2-franchising-201/,15,1
https://franchisesuppliernetwork.com/bootcamp/franchise-supplier-training-program-module-3-conferences-events-local-groups/,15,1
https://franchisesuppliernetwork.com/bootcamp/franchise-supplier-training-program-module-4-networking-101/,15,1
https://franchisesuppliernetwork.com/bootcamp/franchise-supplier-training-program-module-5-networking-201/,15,1
https://franchisesuppliernetwork.com/bootcamp/franchise-supplier-training-program-module-6-the-sales-vault/,15,1
https://franchisesuppliernetwork.com/fsn-members/sponsorships/?event_type=past,19,3
https://franchisesuppliernetwork.com/woven-lms-usage-franchisor-roi/,32,3
https://franchisesuppliernetwork.com/fsn-members/add-content/?post_id=4543,16,4
https://franchisesuppliernetwork.com/fsn-members/add-content/?post_id=4552,16,4
https://franchisesuppliernetwork.com/leveraging-technology-marketing-scorpion/,34,3
https://franchisesuppliernetwork.com/fsn-members/add-content/?post_id=4555,16,4
https://franchisesuppliernetwork.com/strategy-meets-innovation-find8/,34,3
https://franchisesuppliernetwork.com/fsn-members/add-content/?post_id=4557,16,4
https://franchisesuppliernetwork.com/supplier-wire-037/,35,3
https://franchisesuppliernetwork.com/fsn-members/add-content/?post_id=4581,16,4
https://franchisesuppliernetwork.com/fsn-members/add-content/?post_id=4437,16,4
https://franchisesuppliernetwork.com/fsn-members/add-content/?post_id=4433,16,4
https://franchisesuppliernetwork.com/awarity-programmatic-ads/,34,3
https://franchisesuppliernetwork.com/bootcamp/franchise-suppliers-training-programintroduction-module/,15,1
https://franchisesuppliernetwork.com/bootcamp/franchise-supplier-training-program-module-1-franchising-101/,15,1
https://franchisesuppliernetwork.com/featured-supplier/woven/,35,3
https://franchisesuppliernetwork.com/2024/04/25/,28,3
https://franchisesuppliernetwork.com/fsn-members/add-content/?post_id=4442,16,4
https://franchisesuppliernetwork.com/2024/05/06/,29,4
https://franchisesuppliernetwork.com/morrow-hill-franchise-ascension-initiative/,35,3
https://franchisesuppliernetwork.com/featured-supplier/outsource-access/,31,3
https://franchisesuppliernetwork.com/featured-supplier/awarity/,34,3
https://franchisesuppliernetwork.com/2024/04/11/,28,3
https://franchisesuppliernetwork.com/2024/05/07/,28,3
https://franchisesuppliernetwork.com/fsn-members/add-content/?post_id=4447,16,4
https://franchisesuppliernetwork.com/supplier-wire-036/,35,3
https://franchisesuppliernetwork.com/fsn-members/add-content/?post_id=4455,16,4
https://franchisesuppliernetwork.com/woven-promises/,35,3
https://franchisesuppliernetwork.com/franchise-employee-recognition/,34,3
https://franchisesuppliernetwork.com/2024/04/,38,14
https://franchisesuppliernetwork.com/2024/05/,29,5
https://franchisesuppliernetwork.com/featured-supplier/morrow-hill/,33,3
https://franchisesuppliernetwork.com/2024/04/12/,28,3
https://franchisesuppliernetwork.com/supplier-wire-031/,35,3
https://franchisesuppliernetwork.com/2024/03/07/,28,3
https://franchisesuppliernetwork.com/featured-supplier/devhub/,37,3
https://franchisesuppliernetwork.com/2024/02/16/,28,3
https://franchisesuppliernetwork.com/2024/01/18/,28,3
https://franchisesuppliernetwork.com/supplier-wire-028/,35,3
https://franchisesuppliernetwork.com/truterritory-morrow-hill/,34,3
https://franchisesuppliernetwork.com/2024/03/,40,14
https://franchisesuppliernetwork.com/digital-franchise-marketing/,34,3
https://franchisesuppliernetwork.com/franchising-and-technology/,34,4
https://franchisesuppliernetwork.com/franchise-seo-2024/,35,3
https://franchisesuppliernetwork.com/marketing-technology-franchisee-growth/,38,4
https://franchisesuppliernetwork.com/2024/02/,40,14
https://franchisesuppliernetwork.com/1-tom-plumber-smappen/,34,3
https://franchisesuppliernetwork.com/k9-resorts-smappen/,32,3
https://franchisesuppliernetwork.com/2024/04/17/,28,3
https://franchisesuppliernetwork.com/awarity-franchise-advertising/,35,3
https://franchisesuppliernetwork.com/2024/01/,40,14
https://franchisesuppliernetwork.com/awarity-tv-advertising/,34,3
https://franchisesuppliernetwork.com/2024/,43,14
https://franchisesuppliernetwork.com/2024/page/6/,37,8
https://franchisesuppliernetwork.com/2024/page/4/,44,14
https://franchisesuppliernetwork.com/2024/page/5/,44,14
https://franchisesuppliernetwork.com/2024/page/3/,44,14
https://franchisesuppliernetwork.com/2024/page/2/,44,14
https://franchisesuppliernetwork.com/2024/02/21/,29,4
https://franchisesuppliernetwork.com/2024/01/page/2/,30,4
https://franchisesuppliernetwork.com/franchise-suppliers-2024/,31,3
https://franchisesuppliernetwork.com/woven-planet-fitness-case-study/,33,3
https://franchisesuppliernetwork.com/franchise-reputation-marketing-nicejob/,33,3
https://franchisesuppliernetwork.com/franchisor-franchisee-relations/,34,3
https://franchisesuppliernetwork.com/franchise-profitability-playbook-2024/,33,3
https://franchisesuppliernetwork.com/2024/01/25/,28,3
https://franchisesuppliernetwork.com/2024/04/23/,30,5
https://franchisesuppliernetwork.com/featured-supplier/smappen/,35,3
https://franchisesuppliernetwork.com/2024/04/01/,28,3
https://franchisesuppliernetwork.com/2024/02/page/2/,39,13
https://franchisesuppliernetwork.com/clayton-kendall-growth/,34,3
https://franchisesuppliernetwork.com/acg-tropical-smoothie/,34,3
https://franchisesuppliernetwork.com/featured-supplier/acg-employee-benefits/,32,3
https://franchisesuppliernetwork.com/2024/02/19/,28,3
https://franchisesuppliernetwork.com/featured-supplier/clayton-kendall/,35,3
https://franchisesuppliernetwork.com/2024/02/13/,29,4
https://franchisesuppliernetwork.com/featured-supplier/epic-managers/,34,3
https://franchisesuppliernetwork.com/2024/01/23/,28,3
https://franchisesuppliernetwork.com/featured-supplier/c-squared-advisors-llc/,35,3
https://franchisesuppliernetwork.com/2024/01/22/,28,3
https://franchisesuppliernetwork.com/featured-supplier/nicejob/,33,2
https://franchisesuppliernetwork.com/2024/01/15/,28,3
https://franchisesuppliernetwork.com/2024/01/09/,28,3
https://franchisesuppliernetwork.com/2024/01/08/,28,3
https://franchisesuppliernetwork.com/clayton-kendall-adds-cfo/,33,4
https://franchisesuppliernetwork.com/social-media-for-hiring/,40,10
https://franchisesuppliernetwork.com/pocketsuite-reviews/,33,3
https://franchisesuppliernetwork.com/franchise-supplier-team/,31,3
https://franchisesuppliernetwork.com/popeyes-csquared-client-testimonial/,32,3
https://franchisesuppliernetwork.com/nicejob-franchise-wins/,32,3
https://franchisesuppliernetwork.com/supplier-wire-034/,35,3
https://franchisesuppliernetwork.com/pocketsuite-imjoshv/,34,3
https://franchisesuppliernetwork.com/epic-managers-pure-glow/,32,3
https://franchisesuppliernetwork.com/supplier-wire-030/,35,3
https://franchisesuppliernetwork.com/c-squared-advisors-wins/,37,3
https://franchisesuppliernetwork.com/pet-care-franchise-suppliers/,34,3
https://franchisesuppliernetwork.com/franchise-success/,35,5
https://franchisesuppliernetwork.com/2024/01/05/,28,3
https://franchisesuppliernetwork.com/2023/12/08/,28,3
https://franchisesuppliernetwork.com/2023/12/13/,29,4
https://franchisesuppliernetwork.com/2023/12/07/,28,3
https://franchisesuppliernetwork.com/2024/01/04/,28,3
https://franchisesuppliernetwork.com/featured-supplier/ezee-assist/,31,3
https://franchisesuppliernetwork.com/2024/02/08/,29,4
https://franchisesuppliernetwork.com/2024/02/07/,28,3
https://franchisesuppliernetwork.com/2024/02/06/,29,4
https://franchisesuppliernetwork.com/featured-supplier/pocketsuite/,37,3
https://franchisesuppliernetwork.com/2024/02/02/,28,3
https://franchisesuppliernetwork.com/featured-supplier/evocalize/,32,3
https://franchisesuppliernetwork.com/2024/02/01/,28,3
https://franchisesuppliernetwork.com/2024/03/04/,28,3
https://franchisesuppliernetwork.com/pocketsuite-review/,33,3
https://franchisesuppliernetwork.com/local-franchise-digital-marketing/,40,8
https://franchisesuppliernetwork.com/wendys-csquared-advisors/,32,3
https://franchisesuppliernetwork.com/franchise-google-business/,33,3
https://franchisesuppliernetwork.com/2024/03/14/,28,3
https://franchisesuppliernetwork.com/2023/12/,37,13
https://franchisesuppliernetwork.com/supplier-wire-029/,35,3
https://franchisesuppliernetwork.com/2023/,43,14
https://franchisesuppliernetwork.com/2024/02/26/,28,3
https://franchisesuppliernetwork.com/2024/01/29/,28,3
https://franchisesuppliernetwork.com/2024/02/22/,28,3
https://franchisesuppliernetwork.com/serviceminder-franchisee-automation/,33,3
https://franchisesuppliernetwork.com/2023/page/9/,35,6
https://franchisesuppliernetwork.com/2023/page/5/,45,14
https://franchisesuppliernetwork.com/2023/page/4/,45,14
https://franchisesuppliernetwork.com/2023/page/3/,44,14
https://franchisesuppliernetwork.com/2023/page/2/,44,14
https://franchisesuppliernetwork.com/supplier-wire-027/,35,3
https://franchisesuppliernetwork.com/franchise-facebook-marketing/,33,3
https://franchisesuppliernetwork.com/franchise-employee-recruitment/,34,3
https://franchisesuppliernetwork.com/image-cube-franchises/,35,4
https://franchisesuppliernetwork.com/mastering-multi-unit-franchise-success/,33,3
https://franchisesuppliernetwork.com/featured-supplier/purple-penguin-digital/,37,4
https://franchisesuppliernetwork.com/2024/02/28/,28,3
https://franchisesuppliernetwork.com/2024/02/27/,28,3
https://franchisesuppliernetwork.com/2024/02/23/,28,3
https://franchisesuppliernetwork.com/2023/12/04/,28,3
https://franchisesuppliernetwork.com/2024/03/page/2/,30,4
https://franchisesuppliernetwork.com/2023/12/18/,28,3
https://franchisesuppliernetwork.com/insulation-commandos-smappen/,32,3
https://franchisesuppliernetwork.com/2024/03/08/,28,3
https://franchisesuppliernetwork.com/2023/12/20/,28,3
https://franchisesuppliernetwork.com/featured-supplier/image-cube/,33,3
https://franchisesuppliernetwork.com/2023/12/19/,28,3
https://franchisesuppliernetwork.com/2023/12/15/,28,3
https://franchisesuppliernetwork.com/2023/12/12/,28,3
https://franchisesuppliernetwork.com/featured-supplier/hughes/,31,4
https://franchisesuppliernetwork.com/2023/11/30/,29,4
https://franchisesuppliernetwork.com/targeted-google-maps-retail-traffic/,33,3
https://franchisesuppliernetwork.com/c-squared-advisors-services/,32,3
https://franchisesuppliernetwork.com/franchising-faqs/,32,3
https://franchisesuppliernetwork.com/serviceminder-entrepreneur/,33,3
https://franchisesuppliernetwork.com/one-click-contractor/,33,3
https://franchisesuppliernetwork.com/franchise-good-news/,32,4
https://franchisesuppliernetwork.com/image-cube-100-chiropractic/,33,4
https://franchisesuppliernetwork.com/home-service-leads/,34,3
https://franchisesuppliernetwork.com/franchise-supplier-wire-026/,35,3
https://franchisesuppliernetwork.com/franfund-voted-1-financing-franchise-supplier-by-entrepreneur-magazine/,32,3
https://franchisesuppliernetwork.com/generative-a-i-for-your-customer-reviews/,37,3
https://franchisesuppliernetwork.com/2024-local-marketing-strategy/,33,8
https://franchisesuppliernetwork.com/john-francis-presented-office-pride-systems-highest-honor/,32,3
https://franchisesuppliernetwork.com/increase-fran-dev-results/,32,3
https://franchisesuppliernetwork.com/franchise-printing-solution/,32,4
https://franchisesuppliernetwork.com/featured-supplier/johnny-franchise/,36,3
https://franchisesuppliernetwork.com/2023/10/31/,28,3
https://franchisesuppliernetwork.com/2023/11/06/,28,3
https://franchisesuppliernetwork.com/featured-supplier/dbseer/,34,3
https://franchisesuppliernetwork.com/2023/10/30/,28,3
https://franchisesuppliernetwork.com/2023/10/24/,28,3
https://franchisesuppliernetwork.com/featured-supplier/dynaxe-workforce/,31,3
https://franchisesuppliernetwork.com/2023/11/27/,28,3
https://franchisesuppliernetwork.com/2023/11/21/,28,3
https://franchisesuppliernetwork.com/2023/11/20/,28,3
https://franchisesuppliernetwork.com/2023/11/17/,28,3
https://franchisesuppliernetwork.com/2023/11/16/,28,3
https://franchisesuppliernetwork.com/2023/11/14/,29,4
https://franchisesuppliernetwork.com/2023/11/09/,37,12
https://franchisesuppliernetwork.com/2023/11/,40,14
https://franchisesuppliernetwork.com/account-managers-digital-agencies/,32,3
https://franchisesuppliernetwork.com/exceptional-franchise-leaders/,32,3
https://franchisesuppliernetwork.com/short-form-franchise-videos/,32,3
https://franchisesuppliernetwork.com/franchise-supplier-wire-014/,35,3
https://franchisesuppliernetwork.com/2023/10/,34,10
https://franchisesuppliernetwork.com/franchise-supplier-wire-015/,35,3
https://franchisesuppliernetwork.com/franchise-supplier-wire-016/,35,3
https://franchisesuppliernetwork.com/franchise-supplier-wire-017/,35,3
https://franchisesuppliernetwork.com/franchise-supplier-wire-019/,35,3
https://franchisesuppliernetwork.com/franchise-supplier-wire-018/,35,3
https://franchisesuppliernetwork.com/franchise-supplier-wire-020/,35,3
https://franchisesuppliernetwork.com/franchise-supplier-wire-021/,35,3
https://franchisesuppliernetwork.com/franchise-supplier-wire-024/,35,3
https://franchisesuppliernetwork.com/the-value-of-the-fsn-supplier-membership/,31,3
https://franchisesuppliernetwork.com/2023/11/page/2/,38,12
https://franchisesuppliernetwork.com/2023/07/11/,36,11
https://franchisesuppliernetwork.com/top-franchise-brands-find-success-with-fsn/,31,3
https://franchisesuppliernetwork.com/springboard-conference-2023-sessions-to-watch/,32,3
https://franchisesuppliernetwork.com/a-i-in-paid-marketing-with-eulerity/,34,3
https://franchisesuppliernetwork.com/franchise-supplier-wire-025-how-to-rebrand-a-40-year-old-startup/,35,3
https://franchisesuppliernetwork.com/2023/08/23/,28,3
https://franchisesuppliernetwork.com/franchise-industry-news-updates/,37,3
https://franchisesuppliernetwork.com/2023/08/22/,28,3
https://franchisesuppliernetwork.com/fsn-members-rank-on-entrepreneurs-2023-top-franchise-suppliers-list/,55,3
https://franchisesuppliernetwork.com/2023/07/,40,14
https://franchisesuppliernetwork.com/2023/09/18/,28,3
https://franchisesuppliernetwork.com/2023/08/30/,28,3
https://franchisesuppliernetwork.com/2023/09/06/,28,3
https://franchisesuppliernetwork.com/2023/08/29/,28,3
https://franchisesuppliernetwork.com/franchise-supplier-wire-013/,35,3
https://franchisesuppliernetwork.com/lease-negotiation-checklist-ensuring-favorable-lease-terms-to-save-you-money/,32,3
https://franchisesuppliernetwork.com/using-ai-as-a-force-multiplier-in-your-business/,30,3
https://franchisesuppliernetwork.com/2023/09/20/,28,3
https://franchisesuppliernetwork.com/2023/07/page/2/,29,3
https://franchisesuppliernetwork.com/featured-supplier/careerplug/,31,3
https://franchisesuppliernetwork.com/featured-supplier/topfire-media/,31,3
https://franchisesuppliernetwork.com/featured-supplier/benetrends/,35,3
https://franchisesuppliernetwork.com/featured-supplier/citrin-cooperman/,35,3
https://franchisesuppliernetwork.com/2023/10/06/,28,3
https://franchisesuppliernetwork.com/2023/08/,31,7
https://franchisesuppliernetwork.com/how-fsn-supplier-members-are-driving-franchise-success/,41,3
https://franchisesuppliernetwork.com/franchise-supplier-wire-023/,35,3
https://franchisesuppliernetwork.com/2023/09/,29,5
https://franchisesuppliernetwork.com/latest-franchising-news/,35,3
https://franchisesuppliernetwork.com/3-tips-for-growing-your-franchise/,34,3
https://franchisesuppliernetwork.com/2023/10/10/,28,3
https://franchisesuppliernetwork.com/2023/10/09/,28,3
https://franchisesuppliernetwork.com/franchise-supplier-wire-012/,35,3
https://franchisesuppliernetwork.com/featured-supplier/rocketbarn/,32,3
https://franchisesuppliernetwork.com/2023/07/25/,28,3
https://franchisesuppliernetwork.com/2023/08/11/,28,3
https://franchisesuppliernetwork.com/fsn-supplier-awards/,24,2
https://franchisesuppliernetwork.com/2023/07/31/,28,3
https://franchisesuppliernetwork.com/2023/10/19/,28,3
https://franchisesuppliernetwork.com/2023/page/7/,44,14
https://franchisesuppliernetwork.com/2023/07/05/,28,3
https://franchisesuppliernetwork.com/2023/page/6/,45,14
https://franchisesuppliernetwork.com/2023/page/8/,44,14
https://franchisesuppliernetwork.com/franchise-supplier-solutions/,32,3
https://franchisesuppliernetwork.com/reach-gen-z-consumers/,33,3
https://franchisesuppliernetwork.com/our-6-benefits-for-franchise-brands/,32,3
https://franchisesuppliernetwork.com/private-equity-franchise/,37,3
https://franchisesuppliernetwork.com/avoid-franchise-failure/,34,3
https://franchisesuppliernetwork.com/purple-penguin-digital-client-testimonials/,32,3
https://franchisesuppliernetwork.com/2023/12/05/,28,3
https://franchisesuppliernetwork.com/2024/03/01/,28,3
https://franchisesuppliernetwork.com/woven-brand-communications/,34,3
https://franchisesuppliernetwork.com/the-good-feet-store-clayton-kendall/,35,3
https://franchisesuppliernetwork.com/fsn-members/add-content/?post_id=4404,16,4
https://franchisesuppliernetwork.com/2024/03/28/,28,3
https://franchisesuppliernetwork.com/2024/03/19/,28,3
https://franchisesuppliernetwork.com/2024/03/11/,28,3
https://franchisesuppliernetwork.com/2024/03/18/,28,3
https://franchisesuppliernetwork.com/2023/01/10/,28,3
https://franchisesuppliernetwork.com/2023/01/07/,28,3
https://franchisesuppliernetwork.com/2023/01/03/,28,3
https://franchisesuppliernetwork.com/marketing-supplier-discovery-day-takeaways/,31,3
https://franchisesuppliernetwork.com/download-your-2023-franchise-conference-calendar/,31,3
https://franchisesuppliernetwork.com/supplier-wire-002/,34,3
https://franchisesuppliernetwork.com/supplier-wire-004/,34,3
https://franchisesuppliernetwork.com/fsn-process/,31,3
https://franchisesuppliernetwork.com/supplier-wire-005/,34,3
https://franchisesuppliernetwork.com/home-service-brands/,33,3
https://franchisesuppliernetwork.com/franchise-supplier-wire-006/,34,3
https://franchisesuppliernetwork.com/franchise-development-technology-from-top-suppliers/,35,3
https://franchisesuppliernetwork.com/10-ways-to-prepare-for-ifa-convention/,33,3
https://franchisesuppliernetwork.com/intent-data-marketing-for-franchise-systems/,34,3
https://franchisesuppliernetwork.com/franchise-employee-operations-supplier-discover-day-takeaways/,41,3
https://franchisesuppliernetwork.com/4-tips-to-close-frandev-deals-faster/,33,3
https://franchisesuppliernetwork.com/ai-for-franchise-brands/,34,3
https://franchisesuppliernetwork.com/franchisors-risk-management/,33,3
https://franchisesuppliernetwork.com/suttle-straus-case-study/,35,3
https://franchisesuppliernetwork.com/2023/01/,40,14
https://franchisesuppliernetwork.com/franchise-supplier-network-testimonials/,36,3
https://franchisesuppliernetwork.com/featured-supplier/frantable/,30,2
https://franchisesuppliernetwork.com/2023/06/29/,28,3
https://franchisesuppliernetwork.com/2023/01/page/2/,29,3
https://franchisesuppliernetwork.com/2023/06/23/,28,3
https://franchisesuppliernetwork.com/2023/06/20/,28,3
https://franchisesuppliernetwork.com/2023/06/06/,28,3
https://franchisesuppliernetwork.com/2023/06/02/,28,3
https://franchisesuppliernetwork.com/2023/05/08/,29,4
https://franchisesuppliernetwork.com/2023/02/16/,29,4
https://franchisesuppliernetwork.com/2023/02/05/,28,3
https://franchisesuppliernetwork.com/2023/01/30/,28,3
https://franchisesuppliernetwork.com/featured-supplier/booxkeeping/,33,3
https://franchisesuppliernetwork.com/2023/01/27/,28,3
https://franchisesuppliernetwork.com/2023-franchise-conference-calendar/,24,2
https://franchisesuppliernetwork.com/2023/01/19/,28,3
https://franchisesuppliernetwork.com/2023/06/,31,7
https://franchisesuppliernetwork.com/2023/01/23/,28,3
https://franchisesuppliernetwork.com/orchatect-on-franchise-technology-evolution/,32,3
https://franchisesuppliernetwork.com/woven-launches-a-new-software-system-for-engagement-development/,32,3
https://franchisesuppliernetwork.com/fsn-supplier-member-benefits/,31,3
https://franchisesuppliernetwork.com/franchise-development-technology/,34,3
https://franchisesuppliernetwork.com/3-power-women-in-franchising/,36,3
https://franchisesuppliernetwork.com/supercharge-your-growth-brand-awareness/,31,3
https://franchisesuppliernetwork.com/2023/05/,29,5
https://franchisesuppliernetwork.com/seamless-health-employee-benefits/,32,3
https://franchisesuppliernetwork.com/fsn-suppliers-at-franchise-young-conference/,36,3
https://franchisesuppliernetwork.com/2023/02/,31,7
https://franchisesuppliernetwork.com/3-easy-steps-for-franchise-success/,31,3
https://franchisesuppliernetwork.com/franchise-supplier-wire-007/,35,3
https://franchisesuppliernetwork.com/fsn-members/add-content/?post_id=4413,16,4
https://franchisesuppliernetwork.com/fsn-members/add-content/?post_id=4416,16,4
https://franchisesuppliernetwork.com/fsn-members/add-content/?post_id=4420,16,4
https://franchisesuppliernetwork.com/supplier-wire-035/,35,3
https://franchisesuppliernetwork.com/fsn-members/add-content/?post_id=4426,16,4
https://franchisesuppliernetwork.com/2023/02/20/,28,3
https://franchisesuppliernetwork.com/2023/04/03/,28,3
https://franchisesuppliernetwork.com/2023/04/20/,28,3
https://franchisesuppliernetwork.com/2023/04/24/,32,7
https://franchisesuppliernetwork.com/2024/04/04/,29,4
https://franchisesuppliernetwork.com/featured-supplier/franchisefilming/,32,3
https://franchisesuppliernetwork.com/2023/04/13/,28,3
https://franchisesuppliernetwork.com/2023/03/27/,28,3
https://franchisesuppliernetwork.com/2023/03/20/,28,3
https://franchisesuppliernetwork.com/2023/03/16/,29,4
https://franchisesuppliernetwork.com/2023/04/,34,10
https://franchisesuppliernetwork.com/2023/02/28/,28,3
https://franchisesuppliernetwork.com/fsn-members/page/7/,35,6
https://franchisesuppliernetwork.com/personal-services-franchise-outlook/,37,3
https://franchisesuppliernetwork.com/fsn-members/page/6/,35,6
https://franchisesuppliernetwork.com/fsn-members/add-content/?post_id=4370,16,4
https://franchisesuppliernetwork.com/fsn-members/add-content/?post_id=4374,16,4
https://franchisesuppliernetwork.com/home-services-busy-season/,34,4
https://franchisesuppliernetwork.com/fsn-members/add-content/?post_id=4375,16,4
https://franchisesuppliernetwork.com/relationships-in-franchising/,35,3
https://franchisesuppliernetwork.com/fsn-members/add-content/?post_id=4389,16,4
https://franchisesuppliernetwork.com/fsn-members/add-content/?post_id=4394,16,4
https://franchisesuppliernetwork.com/fsn-members/page/12/,35,6
https://franchisesuppliernetwork.com/fsn-members/page/11/,35,6
https://franchisesuppliernetwork.com/2023/03/,30,6
https://franchisesuppliernetwork.com/fsn-members/page/8/,35,6
https://franchisesuppliernetwork.com/fsn-members/page/9/,35,6
https://franchisesuppliernetwork.com/franchise-territory-design/,33,3
https://franchisesuppliernetwork.com/fsn-members/add-content/?post_id=4197,16,4
https://franchisesuppliernetwork.com/automated-customer-loyalty/,42,3
https://franchisesuppliernetwork.com/fsn-members/add-content/?post_id=4335,16,4
https://franchisesuppliernetwork.com/fsn-members/add-content/?post_id=4250,16,4
https://franchisesuppliernetwork.com/2024/01/26/,28,3
https://franchisesuppliernetwork.com/fsn-members/add-content/?post_id=4255,16,4
https://franchisesuppliernetwork.com/2024/02/05/,28,3
https://franchisesuppliernetwork.com/fsn-members/add-content/?post_id=4265,16,4
https://franchisesuppliernetwork.com/fsn-members/add-content/?post_id=4276,16,4
https://franchisesuppliernetwork.com/fsn-members/add-content/?post_id=4271,16,4
https://franchisesuppliernetwork.com/fsn-members/add-content/?post_id=4262,16,4
https://franchisesuppliernetwork.com/fsn-members/add-content/?post_id=4281,16,4
https://franchisesuppliernetwork.com/fsn-members/add-content/?post_id=4287,16,4
https://franchisesuppliernetwork.com/fsn-members/add-content/?post_id=4291,16,4
https://franchisesuppliernetwork.com/fsn-members/add-content/?post_id=4300,16,4
https://franchisesuppliernetwork.com/fsn-members/add-content/?post_id=4141,16,4
https://franchisesuppliernetwork.com/fsn-members/add-content/?post_id=4173,16,4
https://franchisesuppliernetwork.com/fsn-members/add-content/?post_id=4155,16,4
https://franchisesuppliernetwork.com/fsn-members/add-content/?post_id=4181,16,4
https://franchisesuppliernetwork.com/fsn-members/add-content/?post_id=4193,16,4
https://franchisesuppliernetwork.com/fsn-members/page/14/,35,6
https://franchisesuppliernetwork.com/fsn-members/page/13/,35,6
https://franchisesuppliernetwork.com/fsn-members/add-content/?post_id=4125,16,4
https://franchisesuppliernetwork.com/fsn-members/add-content/?post_id=4129,16,4
https://franchisesuppliernetwork.com/fsn-members/add-content/?post_id=4131,16,4
https://franchisesuppliernetwork.com/fsn-members/add-content/?post_id=4133,16,4
https://franchisesuppliernetwork.com/fsn-members/add-content/?post_id=4107,16,4
https://franchisesuppliernetwork.com/fsn-members/add-content/?post_id=4108,16,4
https://franchisesuppliernetwork.com/fsn-members/add-content/?post_id=4115,16,4
https://franchisesuppliernetwork.com/fsn-members/add-content/?post_id=4118,16,4
https://franchisesuppliernetwork.com/fsn-members/add-content/?post_id=4120,16,4
https://franchisesuppliernetwork.com/fsn-members/page/16/,35,6
https://franchisesuppliernetwork.com/fsn-members/page/15/,36,6
https://franchisesuppliernetwork.com/fsn-members/add-content/?post_id=4075,16,4
https://franchisesuppliernetwork.com/fsn-members/add-content/?post_id=4082,16,4
https://franchisesuppliernetwork.com/fsn-members/add-content/?post_id=4087,16,4
https://franchisesuppliernetwork.com/fsn-members/add-content/?post_id=4100,16,4
https://franchisesuppliernetwork.com/fsn-members/add-content/?post_id=4105,16,4
https://franchisesuppliernetwork.com/fsn-members/add-content/?post_id=4135,16,4
https://franchisesuppliernetwork.com/2024/03/29/,28,3
https://franchisesuppliernetwork.com/2024/03/13/,28,3
https://franchisesuppliernetwork.com/fsn-members/add-content/?post_id=4353,16,4
https://franchisesuppliernetwork.com/fsn-members/add-content/?post_id=4348,16,4
https://franchisesuppliernetwork.com/fsn-members/add-content/?post_id=4359,16,4
https://franchisesuppliernetwork.com/fsn-members/add-content/?post_id=4040,16,4
https://franchisesuppliernetwork.com/fsn-members/add-content/?post_id=4042,16,4
https://franchisesuppliernetwork.com/fsn-members/add-content/?post_id=4053,16,4
https://franchisesuppliernetwork.com/fsn-members/add-content/?post_id=4068,16,4
https://franchisesuppliernetwork.com/fsn-members/add-content/?post_id=4071,16,4
https://franchisesuppliernetwork.com/fsn-members/add-content/?post_id=3993,16,4
https://franchisesuppliernetwork.com/fsn-members/add-content/?post_id=3998,16,4
https://franchisesuppliernetwork.com/fsn-members/page/17/,35,6
https://franchisesuppliernetwork.com/fsn-members/add-content/?post_id=4001,16,4
https://franchisesuppliernetwork.com/fsn-members/add-content/?post_id=4008,16,4
https://franchisesuppliernetwork.com/fsn-members/add-content/?post_id=4039,16,4
https://franchisesuppliernetwork.com/fsn-members/add-content/?post_id=4361,16,4
https://franchisesuppliernetwork.com/fsn-members/add-content/?post_id=4366,16,4
https://franchisesuppliernetwork.com/2024/03/12/,28,3
https://franchisesuppliernetwork.com/fsn-members/add-content/?post_id=4337,16,4
https://franchisesuppliernetwork.com/fsn-members/add-content/?post_id=4342,16,4
https://franchisesuppliernetwork.com/fsn-members/add-content/?post_id=4344,16,4
https://franchisesuppliernetwork.com/fsn-members/add-content/?post_id=4346,16,4
https://franchisesuppliernetwork.com/fsn-members/add-content/?post_id=4225,16,4
https://franchisesuppliernetwork.com/supplier-wire-032/,35,3
https://franchisesuppliernetwork.com/fsn-members/add-content/?post_id=3964,16,4
https://franchisesuppliernetwork.com/fsn-members/add-content/?post_id=3966,16,4
https://franchisesuppliernetwork.com/fsn-members/add-content/?post_id=3972,16,4
https://franchisesuppliernetwork.com/fsn-members/add-content/?post_id=3968,16,4
https://franchisesuppliernetwork.com/fsn-members/add-content/?post_id=3990,16,4
https://franchisesuppliernetwork.com/fsn-members/add-content/?post_id=4229,16,4
https://franchisesuppliernetwork.com/2024/02/04/,28,3
https://franchisesuppliernetwork.com/clayton-kendall-hires-vp-of-sales/,33,4
https://franchisesuppliernetwork.com/fsn-members/add-content/?post_id=4245,16,4
https://franchisesuppliernetwork.com/franchise-supplier-wire-033/,35,3
https://franchisesuppliernetwork.com/fsn-members/add-content/?post_id=4247,16,4
https://franchisesuppliernetwork.com/fsn-members/page/22/,35,6
https://franchisesuppliernetwork.com/fsn-members/page/21/,35,6
https://franchisesuppliernetwork.com/fsn-members/page/18/,35,6
https://franchisesuppliernetwork.com/fsn-members/page/19/,35,6
https://franchisesuppliernetwork.com/snapchat-for-franchises/,33,3
https://franchisesuppliernetwork.com/fsn-members/add-content/?post_id=3894,16,4
https://franchisesuppliernetwork.com/fsn-members/add-content/?post_id=3905,16,4
https://franchisesuppliernetwork.com/seosambas-centralized-blogging-tool-gets-a-boost-with-ai-integration/,33,3
https://franchisesuppliernetwork.com/2024/02/12/,28,3
https://franchisesuppliernetwork.com/fsn-members/page/24/,35,6
https://franchisesuppliernetwork.com/fsn-members/add-content/?post_id=3931,16,4
https://franchisesuppliernetwork.com/fsn-members/add-content/?post_id=3918,16,4
https://franchisesuppliernetwork.com/fsn-members/add-content/?post_id=3921,16,4
https://franchisesuppliernetwork.com/fsn-members/add-content/?post_id=3923,16,4
https://franchisesuppliernetwork.com/2024/01/24/,28,3
https://franchisesuppliernetwork.com/fsn-members/add-content/?post_id=3925,16,4
https://franchisesuppliernetwork.com/fsn-members/add-content/?post_id=3927,16,4
https://franchisesuppliernetwork.com/fsn-members/add-content/?post_id=3949,16,4
https://franchisesuppliernetwork.com/fsn-members/add-content/?post_id=3956,16,4
https://franchisesuppliernetwork.com/featured-supplier/seosamba/,35,3
https://franchisesuppliernetwork.com/fsn-members/add-content/?post_id=3960,16,4
https://franchisesuppliernetwork.com/fsn-members/add-content/?post_id=3962,16,4
https://franchisesuppliernetwork.com/fsn-members/add-content/?post_id=3867,16,4
https://franchisesuppliernetwork.com/fsn-members/add-content/?post_id=3884,16,4
https://franchisesuppliernetwork.com/fsn-members/page/26/,35,6
https://franchisesuppliernetwork.com/fsn-members/page/25/,36,6
https://franchisesuppliernetwork.com/fsn-members/add-content/?post_id=3671,16,4
https://franchisesuppliernetwork.com/fsn-members/add-content/?post_id=3782,16,4
https://franchisesuppliernetwork.com/fsn-members/add-content/?post_id=3780,16,4
https://franchisesuppliernetwork.com/fsn-members/add-content/?post_id=3785,16,4
https://franchisesuppliernetwork.com/fsn-members/page/27/,35,6
https://franchisesuppliernetwork.com/fsn-members/add-content/?post_id=3569,16,4
https://franchisesuppliernetwork.com/fsn-members/add-content/?post_id=3582,16,4
https://franchisesuppliernetwork.com/fsn-members/add-content/?post_id=3578,16,4
https://franchisesuppliernetwork.com/fsn-members/add-content/?post_id=3667,16,4
https://franchisesuppliernetwork.com/fsn-members/add-content/?post_id=3669,16,4
https://franchisesuppliernetwork.com/fsn-members/add-content/?post_id=3511,16,4
https://franchisesuppliernetwork.com/fsn-members/add-content/?post_id=3537,16,4
https://franchisesuppliernetwork.com/fsn-members/add-content/?post_id=3543,16,4
https://franchisesuppliernetwork.com/fsn-members/add-content/?post_id=3547,16,4
https://franchisesuppliernetwork.com/fsn-members/add-content/?post_id=3551,16,4
https://franchisesuppliernetwork.com/fsn-members/add-content/?post_id=3788,16,4
https://franchisesuppliernetwork.com/fsn-members/add-content/?post_id=3886,16,4
https://franchisesuppliernetwork.com/fsn-members/add-content/?post_id=3889,16,4
https://franchisesuppliernetwork.com/fsn-members/add-content/?post_id=3891,16,4
https://franchisesuppliernetwork.com/fsn-members/page/23/,35,6
https://franchisesuppliernetwork.com/fsn-members/add-content/?post_id=3500,16,4
https://franchisesuppliernetwork.com/fsn-members/add-content/?post_id=3502,16,4
https://franchisesuppliernetwork.com/fsn-members/add-content/?post_id=3505,16,4
https://franchisesuppliernetwork.com/fsn-members/add-content/?post_id=3507,16,4
https://franchisesuppliernetwork.com/fsn-members/add-content/?post_id=3509,16,4
https://franchisesuppliernetwork.com/fsn-members/add-content/?post_id=3823,16,4
https://franchisesuppliernetwork.com/fsn-members/add-content/?post_id=3849,16,4
https://franchisesuppliernetwork.com/fsn-members/add-content/?post_id=3859,16,4
https://franchisesuppliernetwork.com/fsn-members/add-content/?post_id=3862,16,4
https://franchisesuppliernetwork.com/fsn-members/add-content/?post_id=3864,16,4
https://franchisesuppliernetwork.com/franchise-marketing-operating-system/,32,3
https://franchisesuppliernetwork.com/fsn-members/add-content/?post_id=3909,16,4
https://franchisesuppliernetwork.com/ar-automation-service-franchise-brands/,32,3
https://franchisesuppliernetwork.com/fsn-members/add-content/?post_id=3912,16,4
https://franchisesuppliernetwork.com/fsn-members/add-content/?post_id=3790,16,4
https://franchisesuppliernetwork.com/fsn-members/add-content/?post_id=3798,16,4
https://franchisesuppliernetwork.com/fsn-members/add-content/?post_id=3793,16,4
https://franchisesuppliernetwork.com/fsn-members/add-content/?post_id=3803,16,4
https://franchisesuppliernetwork.com/fsn-members/add-content/?post_id=3814,16,4
https://franchisesuppliernetwork.com/2023/11/28/,28,3
https://franchisesuppliernetwork.com/featured-supplier/biller-genie/,32,3
https://franchisesuppliernetwork.com/increase-ebitda-managers/,33,3
https://franchisesuppliernetwork.com/fsn-members/page/32/,35,6
https://franchisesuppliernetwork.com/fsn-members/add-content/?post_id=3916,16,4
https://franchisesuppliernetwork.com/fsn-members/page/31/,35,6
https://franchisesuppliernetwork.com/fsn-members/page/28/,35,6
https://franchisesuppliernetwork.com/fsn-members/page/29/,35,6
https://franchisesuppliernetwork.com/franchise-supplier-wire-008/,35,3
https://franchisesuppliernetwork.com/fsn-members/add-content/?post_id=3399,16,4
https://franchisesuppliernetwork.com/franchise-supplier-wire-009/,34,3
https://franchisesuppliernetwork.com/fsn-members/add-content/?post_id=3401,16,4
https://franchisesuppliernetwork.com/franchise-supplier-wire-010/,35,3
https://franchisesuppliernetwork.com/fsn-members/add-content/?post_id=3404,16,4
https://franchisesuppliernetwork.com/ai-franchise-industry/,32,3
https://franchisesuppliernetwork.com/fsn-members/add-content/?post_id=3412,16,4
https://franchisesuppliernetwork.com/frannet-franchise-success-stories/,35,3
https://franchisesuppliernetwork.com/fsn-members/add-content/?post_id=3419,16,4
https://franchisesuppliernetwork.com/2023/01/25/,32,7
https://franchisesuppliernetwork.com/fsn-members/page/35/,35,6
https://franchisesuppliernetwork.com/fsn-members/page/34/,35,6
https://franchisesuppliernetwork.com/fsn-members/add-content/?post_id=3363,16,4
https://franchisesuppliernetwork.com/fsn-members/add-content/?post_id=3478,16,4
https://franchisesuppliernetwork.com/fsn-members/add-content/?post_id=3423,16,4
https://franchisesuppliernetwork.com/fsn-members/add-content/?post_id=3434,16,4
https://franchisesuppliernetwork.com/fsn-members/add-content/?post_id=3458,16,4
https://franchisesuppliernetwork.com/fsn-members/add-content/?post_id=3463,16,4
https://franchisesuppliernetwork.com/fsn-members/add-content/?post_id=3471,16,4
https://franchisesuppliernetwork.com/fsn-members/add-content/?post_id=3488,16,4
https://franchisesuppliernetwork.com/fsn-members/add-content/?post_id=3494,16,4
https://franchisesuppliernetwork.com/fsn-members/add-content/?post_id=3496,16,4
https://franchisesuppliernetwork.com/fsn-members/add-content/?post_id=3498,16,4
https://franchisesuppliernetwork.com/2023/05/03/,28,3
https://franchisesuppliernetwork.com/fsn-members/add-content/?post_id=3370,16,4
https://franchisesuppliernetwork.com/fsn-members/add-content/?post_id=3386,16,4
https://franchisesuppliernetwork.com/fsn-members/add-content/?post_id=3391,16,4
https://franchisesuppliernetwork.com/fsn-members/add-content/?post_id=3191,16,4
https://franchisesuppliernetwork.com/fsn-members/add-content/?post_id=3247,16,4
https://franchisesuppliernetwork.com/fsn-members/add-content/?post_id=3251,16,4
https://franchisesuppliernetwork.com/fsn-members/add-content/?post_id=3249,16,4
https://franchisesuppliernetwork.com/fsn-members/add-content/?post_id=3253,16,4
https://franchisesuppliernetwork.com/fsn-members/add-content/?post_id=3269,16,4
https://franchisesuppliernetwork.com/fsn-members/add-content/?post_id=3196,16,4
https://franchisesuppliernetwork.com/fsn-members/add-content/?post_id=3208,16,4
https://franchisesuppliernetwork.com/fsn-members/add-content/?post_id=3236,16,4
https://franchisesuppliernetwork.com/fsn-members/add-content/?post_id=3241,16,4
https://franchisesuppliernetwork.com/fsn-members/add-content/?post_id=3394,16,4
https://franchisesuppliernetwork.com/fsn-members/add-content/?post_id=3325,16,4
https://franchisesuppliernetwork.com/fsn-members/add-content/?post_id=3336,16,4
https://franchisesuppliernetwork.com/fsn-members/add-content/?post_id=3350,16,4
https://franchisesuppliernetwork.com/fsn-members/add-content/?post_id=3352,16,4
https://franchisesuppliernetwork.com/fsn-members/add-content/?post_id=3356,16,4
https://franchisesuppliernetwork.com/fsn-members/page/33/,35,6
https://franchisesuppliernetwork.com/fsn-members/page/36/,35,6
https://franchisesuppliernetwork.com/serviceminder-io-podcast/,37,3
https://franchisesuppliernetwork.com/fsn-members/add-content/?post_id=2993,16,4
https://franchisesuppliernetwork.com/onaroll-the-employee-rewards-app-incentivize-shift-workers-to-show-up-perform/,37,3
https://franchisesuppliernetwork.com/fsn-members/add-content/?post_id=2994,16,4
https://franchisesuppliernetwork.com/altus-commerce/,36,3
https://franchisesuppliernetwork.com/fsn-members/add-content/?post_id=2996,16,4
https://franchisesuppliernetwork.com/rallio/,33,3
https://franchisesuppliernetwork.com/fsn-members/add-content/?post_id=2997,16,4
https://franchisesuppliernetwork.com/2022/12/12/,28,3
https://franchisesuppliernetwork.com/fsn-members/brand-lists/,13,10
https://franchisesuppliernetwork.com/ai-in-reputation-management/,34,3
https://franchisesuppliernetwork.com/fisherzucker-joint-employer-update-nlrbeef-with-franchising/,32,3
https://franchisesuppliernetwork.com/franchise-supplier-wire-022/,35,3
https://franchisesuppliernetwork.com/supplier-wire-001/,34,3
https://franchisesuppliernetwork.com/2022/10/12/,31,6
https://franchisesuppliernetwork.com/how-ai-automation-can-enhance-your-recruitment-marketing-strategy/,31,3
https://franchisesuppliernetwork.com/fsn-members/add-content/?post_id=3111,16,4
https://franchisesuppliernetwork.com/woven-funding-streamline-franchise-operations/,40,3
https://franchisesuppliernetwork.com/fsn-members/my-account/,14,1
https://franchisesuppliernetwork.com/2023/11/15/,28,3
https://franchisesuppliernetwork.com/2023/07/18/,28,3
https://franchisesuppliernetwork.com/fsn-members/profile/,23,1
https://franchisesuppliernetwork.com/2022/12/,30,6
https://franchisesuppliernetwork.com/2022/,33,10
https://franchisesuppliernetwork.com/fsn-members/add-content/?post_id=3134,16,4
https://franchisesuppliernetwork.com/2022/12/05/,28,3
https://franchisesuppliernetwork.com/2022/10/,30,6
https://franchisesuppliernetwork.com/2022/12/15/,28,3
https://franchisesuppliernetwork.com/fsn-members/add-content/?post_id=3142,16,4
https://franchisesuppliernetwork.com/2023-marketing-trends/,35,3
https://franchisesuppliernetwork.com/fsn-members/add-content/?post_id=3185,16,4
https://franchisesuppliernetwork.com/fsn-members/add-content/?post_id=3188,16,4
https://franchisesuppliernetwork.com/fsn-members/add-content/?post_id=3274,16,4
https://franchisesuppliernetwork.com/fsn-members/add-content/?post_id=3284,16,4
https://franchisesuppliernetwork.com/fsn-members/add-content/?post_id=3305,16,4
https://franchisesuppliernetwork.com/fsn-members/add-content/?post_id=3317,16,4
https://franchisesuppliernetwork.com/fsn-members/add-content/?post_id=3320,16,4
https://franchisesuppliernetwork.com/senate-bill-919/,32,3
https://franchisesuppliernetwork.com/building-a-strategic-partnership-cabinet-iq-x-serviceminder/,33,3
https://franchisesuppliernetwork.com/serviceminder-growth/,35,3
https://franchisesuppliernetwork.com/serviceminder-partnerships-2024/,32,3
https://franchisesuppliernetwork.com/serviceminder-2024-conference-schedule/,33,3
https://franchisesuppliernetwork.com/serviceminder-mosquito-squad-a-buzzing-business-triples/,32,3
https://franchisesuppliernetwork.com/leasecake-restaurant365-integration/,40,3
https://franchisesuppliernetwork.com/2022/12/28/,28,3
https://franchisesuppliernetwork.com/leasecake-oney-brands-case-study/,36,3
https://franchisesuppliernetwork.com/franchise-lease-negotiations/,35,3
https://franchisesuppliernetwork.com/understanding-cam-charges/,37,3
https://franchisesuppliernetwork.com/expanding-through-strategic-real-estate-development/,33,3
https://franchisesuppliernetwork.com/rallio-case-study/,31,3
https://franchisesuppliernetwork.com/using-a-i-in-organic-marketing-with-rallio/,34,3
https://franchisesuppliernetwork.com/featured-supplier/orchatect/,34,3
https://franchisesuppliernetwork.com/featured-supplier/seamless-health/,32,3
https://franchisesuppliernetwork.com/featured-supplier/rikor/,33,3
https://franchisesuppliernetwork.com/featured-supplier/frannet/,35,3
https://franchisesuppliernetwork.com/2024/04/02/,28,3
https://franchisesuppliernetwork.com/2024/01/12/,28,3
https://franchisesuppliernetwork.com/2024/02/14/,28,3
https://franchisesuppliernetwork.com/2024/03/05/,28,3
https://franchisesuppliernetwork.com/featured-supplier/suttle-straus/,34,3
https://franchisesuppliernetwork.com/featured-supplier/bann-business-solutions/,33,3
https://franchisesuppliernetwork.com/2024/01/30/,28,3
https://franchisesuppliernetwork.com/featured-supplier/altus-commerce/,29,3
https://franchisesuppliernetwork.com/2024/02/29/,28,3
https://franchisesuppliernetwork.com/2024/03/20/,28,3
https://franchisesuppliernetwork.com/2024/04/09/,28,3
https://franchisesuppliernetwork.com/featured-supplier/northeast-color/,32,3
https://franchisesuppliernetwork.com/2023/01/02/,28,3
https://franchisesuppliernetwork.com/2023/10/18/,28,3
https://franchisesuppliernetwork.com/featured-supplier/mfv-expositions/,30,3
https://franchisesuppliernetwork.com/featured-supplier/franchisely/,30,2
https://franchisesuppliernetwork.com/featured-supplier/specialized-accounting-services/,30,3
https://franchisesuppliernetwork.com/featured-supplier/elysium-marketing-group/,30,3
https://franchisesuppliernetwork.com/featured-supplier/1huddle/,35,3
https://franchisesuppliernetwork.com/featured-supplier/clienttether/,38,7
https://franchisesuppliernetwork.com/featured-supplier/showmaker-productions/,31,3
https://franchisesuppliernetwork.com/featured-supplier/answerconnect/,32,3
https://franchisesuppliernetwork.com/featured-supplier/map-ranks/,33,3
https://franchisesuppliernetwork.com/featured-supplier/two-ladders/,30,3
https://franchisesuppliernetwork.com/featured-supplier/thryv/,31,3
https://franchisesuppliernetwork.com/featured-supplier/careertopia-franchise-executive-search/,33,3
https://franchisesuppliernetwork.com/featured-supplier/proposify/,32,3
https://franchisesuppliernetwork.com/featured-supplier/scorpion/,33,3
https://franchisesuppliernetwork.com/featured-supplier/integrated-digital-strategies/,31,3
https://franchisesuppliernetwork.com/featured-supplier/small-software/,32,3
https://franchisesuppliernetwork.com/featured-supplier/david-energy/,30,3
https://franchisesuppliernetwork.com/featured-supplier/profitkeeper/,30,3
https://franchisesuppliernetwork.com/featured-supplier/lineup-ai/,33,3
https://franchisesuppliernetwork.com/featured-supplier/franfund/,33,3
https://franchisesuppliernetwork.com/featured-supplier/pandologic/,48,3
https://franchisesuppliernetwork.com/featured-supplier/discover-my-franchise/,32,2
https://franchisesuppliernetwork.com/featured-supplier/one-click-contractor/,32,3
https://franchisesuppliernetwork.com/contact/,25,2
https://franchisesuppliernetwork.com/about/,24,7
https://franchisesuppliernetwork.com/resources/,43,14
https://franchisesuppliernetwork.com/supplier-memberships/,28,2
https://franchisesuppliernetwork.com/fsn-suppliers/legal-services/,27,2
https://franchisesuppliernetwork.com/fsn-suppliers/real-estate-services/,26,2
https://franchisesuppliernetwork.com/fsn-suppliers/operation-services/,26,2
https://franchisesuppliernetwork.com/fsn-suppliers/marketing-services/,27,2
https://franchisesuppliernetwork.com/fsn-suppliers/human-resources-services/,26,2
https://franchisesuppliernetwork.com/fsn-suppliers/financial-services/,26,2
https://franchisesuppliernetwork.com/fsn-suppliers/,42,14
https://franchisesuppliernetwork.com/assessment/,24,2
https://franchisesuppliernetwork.com/resources/page/15/,36,8
https://franchisesuppliernetwork.com/resources/page/10/,44,14
https://franchisesuppliernetwork.com/fsn-suppliers/?category=legal,27,7
https://franchisesuppliernetwork.com/fsn-suppliers/?category=real-estate,29,8
https://franchisesuppliernetwork.com/fsn-suppliers/?category=operations,39,14
https://franchisesuppliernetwork.com/resources/page/5/,45,14
https://franchisesuppliernetwork.com/fsn-suppliers/?category=marketing,40,12
https://franchisesuppliernetwork.com/fsn-suppliers/?category=human-resources,38,17
https://franchisesuppliernetwork.com/fsn-suppliers/?category=financial-services,35,16
https://franchisesuppliernetwork.com/fsn-suppliers/page/8/,40,21
https://franchisesuppliernetwork.com/resources/page/13/,43,14
https://franchisesuppliernetwork.com/resources/page/8/,44,14
https://franchisesuppliernetwork.com/featured-supplier/intelligent-office/,30,3
https://franchisesuppliernetwork.com/fsn-suppliers/page/3/?category=operations,36,18
https://franchisesuppliernetwork.com/fsn-suppliers/page/6/,43,21
https://franchisesuppliernetwork.com/fsn-suppliers/page/7/,43,20
https://franchisesuppliernetwork.com/featured-supplier/zeewise/,34,3
https://franchisesuppliernetwork.com/fsn-suppliers/page/2/?category=human-resources,28,6
https://franchisesuppliernetwork.com/featured-supplier/paylocity/,33,3
https://franchisesuppliernetwork.com/featured-supplier/hireology/,34,3
https://franchisesuppliernetwork.com/featured-supplier/doxa-talent/,30,3
https://franchisesuppliernetwork.com/fsn-suppliers/page/4/?category=marketing,30,6
https://franchisesuppliernetwork.com/fsn-suppliers/page/3/?category=marketing,41,23
https://franchisesuppliernetwork.com/fsn-suppliers/page/2/?category=marketing,41,21
https://franchisesuppliernetwork.com/featured-supplier/highervisibility/,31,2
https://franchisesuppliernetwork.com/featured-supplier/atmosphere-tv/,34,3
https://franchisesuppliernetwork.com/resources/page/7/,44,14
https://franchisesuppliernetwork.com/resources/page/6/,44,14
https://franchisesuppliernetwork.com/fsn-suppliers/page/2/?category=operations,40,24
https://franchisesuppliernetwork.com/resources/page/9/,44,14
https://franchisesuppliernetwork.com/resources/page/12/,44,14
https://franchisesuppliernetwork.com/resources/page/11/,44,14
https://franchisesuppliernetwork.com/resources/page/14/,43,14
https://franchisesuppliernetwork.com/fsn-suppliers/page/5/,44,23
https://franchisesuppliernetwork.com/fsn-suppliers/page/4/,44,21
https://franchisesuppliernetwork.com/fsn-suppliers/page/3/,43,17
https://franchisesuppliernetwork.com/fsn-suppliers/page/2/,43,13
https://franchisesuppliernetwork.com/featured-supplier/easil/,30,3
https://franchisesuppliernetwork.com/featured-supplier/clarity-voice/,30,3
https://franchisesuppliernetwork.com/featured-supplier/transitiv/,30,3
https://franchisesuppliernetwork.com/featured-supplier/salesdesk/,30,3
https://franchisesuppliernetwork.com/featured-supplier/adplorer/,30,3
https://franchisesuppliernetwork.com/featured-supplier/turtlehut/,30,3
https://franchisesuppliernetwork.com/featured-supplier/samco-promotions-and-packaging/,30,3
https://franchisesuppliernetwork.com/featured-supplier/gerson-advisory-services/,30,3
https://franchisesuppliernetwork.com/featured-supplier/altir-industries/,30,3
https://franchisesuppliernetwork.com/featured-supplier/appell-line-striping/,30,3
https://franchisesuppliernetwork.com/featured-supplier/commercial-investigations-llc/,30,3
https://franchisesuppliernetwork.com/resources/page/4/,45,14
https://franchisesuppliernetwork.com/resources/page/3/,44,14
https://franchisesuppliernetwork.com/resources/page/2/,44,14
